Adding author Agatha Christie, Sat Apr 17 13:27:07 EEST 2021
Adding author Jane Austen, Sat Apr 17 13:27:07 EEST 2021
Adding section Mystery, Sat Apr 17 13:27:07 EEST 2021
Adding section Drama, Sat Apr 17 13:27:07 EEST 2021
Adding section Fantasy, Sat Apr 17 13:27:07 EEST 2021
Adding section Romance, Sat Apr 17 13:27:07 EEST 2021
Adding section Educative, Sat Apr 17 13:27:07 EEST 2021
Adding section Scientific, Sat Apr 17 13:27:07 EEST 2021
Adding section SciFy, Sat Apr 17 13:27:07 EEST 2021
Adding publishing house Collins Crime Club, Sat Apr 17 13:27:07 EEST 2021
Adding publishing house Project Gutenberg, Sat Apr 17 13:27:07 EEST 2021
Adding book Murder on the Orient Express, Sat Apr 17 13:27:07 EEST 2021
Adding book Pride and Prejudice, Sat Apr 17 13:27:07 EEST 2021
Adding reader John Doe, Sat Apr 17 13:27:08 EEST 2021
Adding reader Mary Johnson, Sat Apr 17 13:27:08 EEST 2021
Adding reader Cornelia Collins, Sat Apr 17 13:27:08 EEST 2021
Adding reader Hendrick Rogers, Sat Apr 17 13:27:08 EEST 2021
Listing details, Sat Apr 17 13:27:12 EEST 2021
Listing books, Sat Apr 17 13:27:38 EEST 2021
Listing sections, Sat Apr 17 13:28:00 EEST 2021
Listing authors, Sat Apr 17 13:28:39 EEST 2021
Listing sections, Sat Apr 17 13:28:54 EEST 2021
Listing readers, Sat Apr 17 13:29:22 EEST 2021
Listing publishing houses, Sat Apr 17 13:29:42 EEST 2021
Adding author Agatha Christie, Sat Apr 17 13:47:01 EEST 2021
Adding author Jane Austen, Sat Apr 17 13:47:01 EEST 2021
Adding section Mystery, Sat Apr 17 13:47:01 EEST 2021
Adding section Drama, Sat Apr 17 13:47:01 EEST 2021
Adding section Fantasy, Sat Apr 17 13:47:01 EEST 2021
Adding section Romance, Sat Apr 17 13:47:01 EEST 2021
Adding section Educative, Sat Apr 17 13:47:01 EEST 2021
Adding section Scientific, Sat Apr 17 13:47:01 EEST 2021
Adding section SciFy, Sat Apr 17 13:47:01 EEST 2021
Adding publishing house Collins Crime Club, Sat Apr 17 13:47:01 EEST 2021
Adding publishing house Project Gutenberg, Sat Apr 17 13:47:01 EEST 2021
Adding book Murder on the Orient Express, Sat Apr 17 13:47:01 EEST 2021
Adding book Pride and Prejudice, Sat Apr 17 13:47:01 EEST 2021
Adding reader John Doe, Sat Apr 17 13:47:01 EEST 2021
Adding reader Mary Johnson, Sat Apr 17 13:47:01 EEST 2021
Adding reader Cornelia Collins, Sat Apr 17 13:47:01 EEST 2021
Adding reader Hendrick Rogers, Sat Apr 17 13:47:01 EEST 2021
Adding author Agatha Christie, Sat Apr 17 13:48:29 EEST 2021
Adding author Jane Austen, Sat Apr 17 13:48:29 EEST 2021
Adding section Mystery, Sat Apr 17 13:48:29 EEST 2021
Adding section Drama, Sat Apr 17 13:48:29 EEST 2021
Adding section Fantasy, Sat Apr 17 13:48:29 EEST 2021
Adding section Romance, Sat Apr 17 13:48:29 EEST 2021
Adding section Educative, Sat Apr 17 13:48:29 EEST 2021
Adding section Scientific, Sat Apr 17 13:48:29 EEST 2021
Adding section SciFy, Sat Apr 17 13:48:29 EEST 2021
Adding publishing house Collins Crime Club, Sat Apr 17 13:48:29 EEST 2021
Adding publishing house Project Gutenberg, Sat Apr 17 13:48:29 EEST 2021
Adding book Murder on the Orient Express, Sat Apr 17 13:48:29 EEST 2021
Adding book Pride and Prejudice, Sat Apr 17 13:48:29 EEST 2021
Adding reader John Doe, Sat Apr 17 13:48:29 EEST 2021
Adding reader Mary Johnson, Sat Apr 17 13:48:29 EEST 2021
Adding reader Cornelia Collins, Sat Apr 17 13:48:29 EEST 2021
Adding reader Hendrick Rogers, Sat Apr 17 13:48:29 EEST 2021
Adding author Agatha Christie, Sat Apr 17 13:51:08 EEST 2021
Adding author Jane Austen, Sat Apr 17 13:51:08 EEST 2021
Adding section Mystery, Sat Apr 17 13:51:08 EEST 2021
Adding section Drama, Sat Apr 17 13:51:08 EEST 2021
Adding section Fantasy, Sat Apr 17 13:51:08 EEST 2021
Adding section Romance, Sat Apr 17 13:51:08 EEST 2021
Adding section Educative, Sat Apr 17 13:51:08 EEST 2021
Adding section Scientific, Sat Apr 17 13:51:08 EEST 2021
Adding section SciFy, Sat Apr 17 13:51:08 EEST 2021
Adding publishing house Collins Crime Club, Sat Apr 17 13:51:08 EEST 2021
Adding publishing house Project Gutenberg, Sat Apr 17 13:51:08 EEST 2021
Adding book Murder on the Orient Express, Sat Apr 17 13:51:08 EEST 2021
Adding book Pride and Prejudice, Sat Apr 17 13:51:08 EEST 2021
Adding reader John Doe, Sat Apr 17 13:51:08 EEST 2021
Adding reader Mary Johnson, Sat Apr 17 13:51:08 EEST 2021
Adding reader Cornelia Collins, Sat Apr 17 13:51:08 EEST 2021
Adding reader Hendrick Rogers, Sat Apr 17 13:51:08 EEST 2021
Adding author Agatha Christie, Sat Apr 17 13:52:04 EEST 2021
Adding author Jane Austen, Sat Apr 17 13:52:04 EEST 2021
Adding section Mystery, Sat Apr 17 13:52:04 EEST 2021
Adding section Drama, Sat Apr 17 13:52:04 EEST 2021
Adding section Fantasy, Sat Apr 17 13:52:04 EEST 2021
Adding section Romance, Sat Apr 17 13:52:04 EEST 2021
Adding section Educative, Sat Apr 17 13:52:04 EEST 2021
Adding section Scientific, Sat Apr 17 13:52:04 EEST 2021
Adding section SciFy, Sat Apr 17 13:52:04 EEST 2021
Adding publishing house Collins Crime Club, Sat Apr 17 13:52:04 EEST 2021
Adding publishing house Project Gutenberg, Sat Apr 17 13:52:04 EEST 2021
Adding book Murder on the Orient Express, Sat Apr 17 13:52:04 EEST 2021
Adding book Pride and Prejudice, Sat Apr 17 13:52:04 EEST 2021
Adding reader John Doe, Sat Apr 17 13:52:04 EEST 2021
Adding reader Mary Johnson, Sat Apr 17 13:52:04 EEST 2021
Adding reader Cornelia Collins, Sat Apr 17 13:52:04 EEST 2021
Adding reader Hendrick Rogers, Sat Apr 17 13:52:04 EEST 2021
Adding author Agatha Christie, Sat Apr 17 13:52:24 EEST 2021
Adding author Jane Austen, Sat Apr 17 13:52:24 EEST 2021
Adding section Mystery, Sat Apr 17 13:52:25 EEST 2021
Adding section Drama, Sat Apr 17 13:52:25 EEST 2021
Adding section Fantasy, Sat Apr 17 13:52:25 EEST 2021
Adding section Romance, Sat Apr 17 13:52:25 EEST 2021
Adding section Educative, Sat Apr 17 13:52:25 EEST 2021
Adding section Scientific, Sat Apr 17 13:52:25 EEST 2021
Adding section SciFy, Sat Apr 17 13:52:25 EEST 2021
Adding publishing house Collins Crime Club, Sat Apr 17 13:52:25 EEST 2021
Adding publishing house Project Gutenberg, Sat Apr 17 13:52:25 EEST 2021
Adding book Murder on the Orient Express, Sat Apr 17 13:52:25 EEST 2021
Adding book Pride and Prejudice, Sat Apr 17 13:52:25 EEST 2021
Adding reader John Doe, Sat Apr 17 13:52:25 EEST 2021
Adding reader Mary Johnson, Sat Apr 17 13:52:25 EEST 2021
Adding reader Cornelia Collins, Sat Apr 17 13:52:25 EEST 2021
Adding reader Hendrick Rogers, Sat Apr 17 13:52:25 EEST 2021
Adding author Agatha Christie, Sat Apr 17 13:53:50 EEST 2021
Adding author Jane Austen, Sat Apr 17 13:53:51 EEST 2021
Adding section Mystery, Sat Apr 17 13:53:51 EEST 2021
Adding section Drama, Sat Apr 17 13:53:51 EEST 2021
Adding section Fantasy, Sat Apr 17 13:53:51 EEST 2021
Adding section Romance, Sat Apr 17 13:53:51 EEST 2021
Adding section Educative, Sat Apr 17 13:53:51 EEST 2021
Adding section Scientific, Sat Apr 17 13:53:51 EEST 2021
Adding section SciFy, Sat Apr 17 13:53:51 EEST 2021
Adding publishing house Collins Crime Club, Sat Apr 17 13:53:51 EEST 2021
Adding publishing house Project Gutenberg, Sat Apr 17 13:53:51 EEST 2021
Adding book Murder on the Orient Express, Sat Apr 17 13:53:51 EEST 2021
Adding book Pride and Prejudice, Sat Apr 17 13:53:51 EEST 2021
Adding reader John Doe, Sat Apr 17 13:53:51 EEST 2021
Adding reader Mary Johnson, Sat Apr 17 13:53:51 EEST 2021
Adding reader Cornelia Collins, Sat Apr 17 13:53:51 EEST 2021
Adding reader Hendrick Rogers, Sat Apr 17 13:53:51 EEST 2021
Listing details, Sat Apr 17 13:55:31 EEST 2021
Adding author Agatha Christie, Sat Apr 17 13:59:34 EEST 2021
Adding author Jane Austen, Sat Apr 17 13:59:35 EEST 2021
Adding section Mystery, Sat Apr 17 13:59:35 EEST 2021
Adding section Drama, Sat Apr 17 13:59:35 EEST 2021
Adding section Fantasy, Sat Apr 17 13:59:35 EEST 2021
Adding section Romance, Sat Apr 17 13:59:35 EEST 2021
Adding section Educative, Sat Apr 17 13:59:35 EEST 2021
Adding section Scientific, Sat Apr 17 13:59:35 EEST 2021
Adding section SciFy, Sat Apr 17 13:59:35 EEST 2021
Adding publishing house Collins Crime Club, Sat Apr 17 13:59:35 EEST 2021
Adding publishing house Project Gutenberg, Sat Apr 17 13:59:35 EEST 2021
Adding book Murder on the Orient Express, Sat Apr 17 13:59:35 EEST 2021
Adding book Pride and Prejudice, Sat Apr 17 13:59:35 EEST 2021
Adding reader John Doe, Sat Apr 17 13:59:35 EEST 2021
Adding reader Mary Johnson, Sat Apr 17 13:59:35 EEST 2021
Adding reader Cornelia Collins, Sat Apr 17 13:59:35 EEST 2021
Adding reader Hendrick Rogers, Sat Apr 17 13:59:35 EEST 2021
Listing books, Sat Apr 17 13:59:48 EEST 2021
Listing sections, Sat Apr 17 14:00:00 EEST 2021
Listing authors, Sat Apr 17 14:00:09 EEST 2021
Listing readers, Sat Apr 17 14:00:38 EEST 2021
Listing publishing houses, Sat Apr 17 14:00:58 EEST 2021
Adding author Agatha Christie, Sun May 23 15:33:15 EEST 2021, main
Adding author Jane Austen, Sun May 23 15:33:15 EEST 2021, main
Adding section Mystery, Sun May 23 15:33:15 EEST 2021, main
Adding section Drama, Sun May 23 15:33:15 EEST 2021, main
Adding section Fantasy, Sun May 23 15:33:15 EEST 2021, main
Adding section Romance, Sun May 23 15:33:15 EEST 2021, main
Adding section Educative, Sun May 23 15:33:15 EEST 2021, main
Adding section Scientific, Sun May 23 15:33:15 EEST 2021, main
Adding section SciFy, Sun May 23 15:33:15 EEST 2021, main
Adding publishing house Collins Crime Club, Sun May 23 15:33:15 EEST 2021, main
Adding publishing house Project Gutenberg, Sun May 23 15:33:15 EEST 2021, main
Adding book Murder on the Orient Express, Sun May 23 15:33:15 EEST 2021, main
Adding book Pride and Prejudice, Sun May 23 15:33:16 EEST 2021, main
Adding reader John Doe, Sun May 23 15:33:16 EEST 2021, main
Adding reader Mary Johnson, Sun May 23 15:33:16 EEST 2021, main
Adding reader Cornelia Collins, Sun May 23 15:33:16 EEST 2021, main
Adding reader Hendrick Rogers, Sun May 23 15:33:16 EEST 2021, main
Adding author Agatha Christie, Sun May 23 15:36:20 EEST 2021, main
Adding author Jane Austen, Sun May 23 15:36:20 EEST 2021, main
Adding section Mystery, Sun May 23 15:36:21 EEST 2021, main
Adding section Drama, Sun May 23 15:36:21 EEST 2021, main
Adding section Fantasy, Sun May 23 15:36:21 EEST 2021, main
Adding section Romance, Sun May 23 15:36:23 EEST 2021, main
Adding section Educative, Sun May 23 15:36:23 EEST 2021, main
Adding section Scientific, Sun May 23 15:36:23 EEST 2021, main
Adding section SciFy, Sun May 23 15:36:23 EEST 2021, main
Adding publishing house Collins Crime Club, Sun May 23 15:36:24 EEST 2021, main
Adding publishing house Project Gutenberg, Sun May 23 15:36:24 EEST 2021, main
Adding book Murder on the Orient Express, Sun May 23 15:36:24 EEST 2021, main
Adding book Pride and Prejudice, Sun May 23 15:36:25 EEST 2021, main
Adding reader John Doe, Sun May 23 15:36:25 EEST 2021, main
Adding reader Mary Johnson, Sun May 23 15:36:25 EEST 2021, main
Adding reader Cornelia Collins, Sun May 23 15:36:25 EEST 2021, main
Adding reader Hendrick Rogers, Sun May 23 15:36:25 EEST 2021, main
Adding author Agatha Christie, Sun May 23 15:37:59 EEST 2021, main
Adding author Jane Austen, Sun May 23 15:37:59 EEST 2021, main
Adding section Mystery, Sun May 23 15:37:59 EEST 2021, main
Adding section Drama, Sun May 23 15:37:59 EEST 2021, main
Adding section Fantasy, Sun May 23 15:37:59 EEST 2021, main
Adding section Romance, Sun May 23 15:37:59 EEST 2021, main
Adding section Educative, Sun May 23 15:37:59 EEST 2021, main
Adding section Scientific, Sun May 23 15:37:59 EEST 2021, main
Adding section SciFy, Sun May 23 15:37:59 EEST 2021, main
Adding publishing house Collins Crime Club, Sun May 23 15:38:00 EEST 2021, main
Adding publishing house Project Gutenberg, Sun May 23 15:38:00 EEST 2021, main
Adding book Murder on the Orient Express, Sun May 23 15:38:00 EEST 2021, main
Adding book Pride and Prejudice, Sun May 23 15:38:00 EEST 2021, main
Adding reader John Doe, Sun May 23 15:38:00 EEST 2021, main
Adding reader Mary Johnson, Sun May 23 15:38:00 EEST 2021, main
Adding reader Cornelia Collins, Sun May 23 15:38:00 EEST 2021, main
Adding reader Hendrick Rogers, Sun May 23 15:38:00 EEST 2021, main
Adding author Agatha Christie, Sun May 23 15:39:13 EEST 2021, main
Adding author Jane Austen, Sun May 23 15:39:14 EEST 2021, main
Adding section Mystery, Sun May 23 15:39:14 EEST 2021, main
Adding section Drama, Sun May 23 15:39:14 EEST 2021, main
Adding section Fantasy, Sun May 23 15:39:14 EEST 2021, main
Adding section Romance, Sun May 23 15:39:14 EEST 2021, main
Adding section Educative, Sun May 23 15:39:14 EEST 2021, main
Adding section Scientific, Sun May 23 15:39:14 EEST 2021, main
Adding section SciFy, Sun May 23 15:39:14 EEST 2021, main
Adding publishing house Collins Crime Club, Sun May 23 15:39:14 EEST 2021, main
Adding publishing house Project Gutenberg, Sun May 23 15:39:14 EEST 2021, main
Adding book Murder on the Orient Express, Sun May 23 15:39:14 EEST 2021, main
Adding book Pride and Prejudice, Sun May 23 15:39:14 EEST 2021, main
Adding reader John Doe, Sun May 23 15:39:15 EEST 2021, main
Adding reader Mary Johnson, Sun May 23 15:39:15 EEST 2021, main
Adding reader Cornelia Collins, Sun May 23 15:39:15 EEST 2021, main
Adding reader Hendrick Rogers, Sun May 23 15:39:15 EEST 2021, main
Adding author Agatha Christie, Sun May 23 15:40:25 EEST 2021, main
Adding author Jane Austen, Sun May 23 15:40:25 EEST 2021, main
Adding author Agatha Christie, Sun May 23 16:38:41 EEST 2021, main
Adding author Jane Austen, Sun May 23 16:38:41 EEST 2021, main
Adding section Mystery, Sun May 23 16:38:41 EEST 2021, main
Adding section Drama, Sun May 23 16:38:41 EEST 2021, main
Adding section Fantasy, Sun May 23 16:38:41 EEST 2021, main
Adding section Romance, Sun May 23 16:38:41 EEST 2021, main
Adding section Educative, Sun May 23 16:38:41 EEST 2021, main
Adding section Scientific, Sun May 23 16:38:41 EEST 2021, main
Adding section SciFy, Sun May 23 16:38:41 EEST 2021, main
Adding publishing house Collins Crime Club, Sun May 23 16:38:41 EEST 2021, main
Adding publishing house Project Gutenberg, Sun May 23 16:38:41 EEST 2021, main
Adding book Murder on the Orient Express, Sun May 23 16:38:42 EEST 2021, main
Adding book Pride and Prejudice, Sun May 23 16:38:42 EEST 2021, main
Adding author Agatha Christie, Sun May 23 16:44:04 EEST 2021, main
Adding author Jane Austen, Sun May 23 16:44:04 EEST 2021, main
Adding section Mystery, Sun May 23 16:44:04 EEST 2021, main
Adding section Drama, Sun May 23 16:44:04 EEST 2021, main
Adding section Fantasy, Sun May 23 16:44:04 EEST 2021, main
Adding section Romance, Sun May 23 16:44:04 EEST 2021, main
Adding section Educative, Sun May 23 16:44:04 EEST 2021, main
Adding section Scientific, Sun May 23 16:44:04 EEST 2021, main
Adding section SciFy, Sun May 23 16:44:04 EEST 2021, main
Adding publishing house Collins Crime Club, Sun May 23 16:44:05 EEST 2021, main
Adding publishing house Project Gutenberg, Sun May 23 16:44:05 EEST 2021, main
Adding book Murder on the Orient Express, Sun May 23 16:44:05 EEST 2021, main
Adding book Pride and Prejudice, Sun May 23 16:44:05 EEST 2021, main
Adding author Agatha Christie, Sun May 23 16:46:10 EEST 2021, main
Adding author Jane Austen, Sun May 23 16:46:10 EEST 2021, main
Adding section Mystery, Sun May 23 16:46:10 EEST 2021, main
Adding section Drama, Sun May 23 16:46:10 EEST 2021, main
Adding section Fantasy, Sun May 23 16:46:10 EEST 2021, main
Adding section Romance, Sun May 23 16:46:10 EEST 2021, main
Adding section Educative, Sun May 23 16:46:10 EEST 2021, main
Adding section Scientific, Sun May 23 16:46:10 EEST 2021, main
Adding section SciFy, Sun May 23 16:46:10 EEST 2021, main
Adding publishing house Collins Crime Club, Sun May 23 16:46:10 EEST 2021, main
Adding publishing house Project Gutenberg, Sun May 23 16:46:10 EEST 2021, main
Adding book Murder on the Orient Express, Sun May 23 16:46:10 EEST 2021, main
Adding book Pride and Prejudice, Sun May 23 16:46:10 EEST 2021, main
Adding reader John Doe, Sun May 23 16:46:10 EEST 2021, main
Adding reader Mary Johnson, Sun May 23 16:46:10 EEST 2021, main
Adding reader Cornelia Collins, Sun May 23 16:46:10 EEST 2021, main
Adding reader Hendrick Rogers, Sun May 23 16:46:10 EEST 2021, main
Listing details, Sun May 23 16:47:52 EEST 2021, main
Listing books, Sun May 23 16:48:27 EEST 2021, main
Listing publishing houses, Sun May 23 16:48:41 EEST 2021, main
Listing books, Sun May 23 16:56:59 EEST 2021, main
Listing books, Sun May 23 16:59:17 EEST 2021, main
Listing books, Sun May 23 17:00:15 EEST 2021, main
Adding author Agatha Christie, Sun May 23 17:40:55 EEST 2021, main
Adding author Jane Austen, Sun May 23 17:40:55 EEST 2021, main
Adding section Mystery, Sun May 23 17:40:55 EEST 2021, main
Adding section Drama, Sun May 23 17:40:55 EEST 2021, main
Adding section Fantasy, Sun May 23 17:40:55 EEST 2021, main
Adding section Romance, Sun May 23 17:40:55 EEST 2021, main
Adding section Educative, Sun May 23 17:40:55 EEST 2021, main
Adding section Scientific, Sun May 23 17:40:55 EEST 2021, main
Adding section SciFy, Sun May 23 17:40:55 EEST 2021, main
Adding publishing house Collins Crime Club, Sun May 23 17:40:55 EEST 2021, main
Adding publishing house Project Gutenberg, Sun May 23 17:40:55 EEST 2021, main
Adding book Murder on the Orient Express, Sun May 23 17:40:55 EEST 2021, main
Adding book Pride and Prejudice, Sun May 23 17:40:55 EEST 2021, main
Adding reader John Doe, Sun May 23 17:40:56 EEST 2021, main
Adding reader Mary Johnson, Sun May 23 17:40:56 EEST 2021, main
Adding reader Cornelia Collins, Sun May 23 17:40:56 EEST 2021, main
Adding reader Hendrick Rogers, Sun May 23 17:40:56 EEST 2021, main
Adding section horror, Sun May 23 18:14:55 EEST 2021, main
Adding author Agatha Christie, Sun May 23 18:18:10 EEST 2021, main
Adding author Jane Austen, Sun May 23 18:18:10 EEST 2021, main
Adding section Mystery, Sun May 23 18:18:10 EEST 2021, main
Adding section Drama, Sun May 23 18:18:10 EEST 2021, main
Adding section Fantasy, Sun May 23 18:18:10 EEST 2021, main
Adding section Romance, Sun May 23 18:18:10 EEST 2021, main
Adding section Educative, Sun May 23 18:18:10 EEST 2021, main
Adding section Scientific, Sun May 23 18:18:10 EEST 2021, main
Adding section SciFy, Sun May 23 18:18:10 EEST 2021, main
Adding publishing house Collins Crime Club, Sun May 23 18:18:10 EEST 2021, main
Adding publishing house Project Gutenberg, Sun May 23 18:18:10 EEST 2021, main
Adding book Murder on the Orient Express, Sun May 23 18:18:10 EEST 2021, main
Adding book Pride and Prejudice, Sun May 23 18:18:10 EEST 2021, main
Adding reader John Doe, Sun May 23 18:18:10 EEST 2021, main
Adding reader Mary Johnson, Sun May 23 18:18:10 EEST 2021, main
Adding reader Cornelia Collins, Sun May 23 18:18:10 EEST 2021, main
Adding reader Hendrick Rogers, Sun May 23 18:18:10 EEST 2021, main
Adding author Agatha Christie, Sun May 23 18:21:42 EEST 2021, main
Adding author Jane Austen, Sun May 23 18:21:43 EEST 2021, main
Adding section Mystery, Sun May 23 18:21:43 EEST 2021, main
Adding section Drama, Sun May 23 18:21:43 EEST 2021, main
Adding section Fantasy, Sun May 23 18:21:43 EEST 2021, main
Adding section Romance, Sun May 23 18:21:43 EEST 2021, main
Adding section Educative, Sun May 23 18:21:43 EEST 2021, main
Adding section Scientific, Sun May 23 18:21:43 EEST 2021, main
Adding section SciFy, Sun May 23 18:21:43 EEST 2021, main
Adding publishing house Collins Crime Club, Sun May 23 18:21:43 EEST 2021, main
Adding publishing house Project Gutenberg, Sun May 23 18:21:43 EEST 2021, main
Adding book Murder on the Orient Express, Sun May 23 18:21:43 EEST 2021, main
Adding book Pride and Prejudice, Sun May 23 18:21:43 EEST 2021, main
Adding reader John Doe, Sun May 23 18:21:43 EEST 2021, main
Adding reader Mary Johnson, Sun May 23 18:21:43 EEST 2021, main
Adding reader Cornelia Collins, Sun May 23 18:21:43 EEST 2021, main
Adding reader Hendrick Rogers, Sun May 23 18:21:43 EEST 2021, main
Listing books, Sun May 23 18:25:33 EEST 2021, main
Adding author Agatha Christie, Sun May 23 18:30:32 EEST 2021, main
Adding author Jane Austen, Sun May 23 18:30:32 EEST 2021, main
Adding section Mystery, Sun May 23 18:30:32 EEST 2021, main
Adding section Drama, Sun May 23 18:30:32 EEST 2021, main
Adding section Fantasy, Sun May 23 18:30:32 EEST 2021, main
Adding section Romance, Sun May 23 18:30:32 EEST 2021, main
Adding section Educative, Sun May 23 18:30:32 EEST 2021, main
Adding section Scientific, Sun May 23 18:30:32 EEST 2021, main
Adding section SciFy, Sun May 23 18:30:32 EEST 2021, main
Adding publishing house Collins Crime Club, Sun May 23 18:30:32 EEST 2021, main
Adding publishing house Project Gutenberg, Sun May 23 18:30:32 EEST 2021, main
Adding book Murder on the Orient Express, Sun May 23 18:30:32 EEST 2021, main
Adding book Pride and Prejudice, Sun May 23 18:30:32 EEST 2021, main
Adding reader John Doe, Sun May 23 18:30:32 EEST 2021, main
Adding reader Mary Johnson, Sun May 23 18:30:32 EEST 2021, main
Adding reader Cornelia Collins, Sun May 23 18:30:32 EEST 2021, main
Adding reader Hendrick Rogers, Sun May 23 18:30:32 EEST 2021, main
Adding author Agatha Christie, Sun May 23 18:31:19 EEST 2021, main
Adding author Jane Austen, Sun May 23 18:31:19 EEST 2021, main
Adding section Mystery, Sun May 23 18:31:19 EEST 2021, main
Adding section Drama, Sun May 23 18:31:19 EEST 2021, main
Adding section Fantasy, Sun May 23 18:31:19 EEST 2021, main
Adding section Romance, Sun May 23 18:31:19 EEST 2021, main
Adding section Educative, Sun May 23 18:31:19 EEST 2021, main
Adding section Scientific, Sun May 23 18:31:19 EEST 2021, main
Adding section SciFy, Sun May 23 18:31:19 EEST 2021, main
Adding publishing house Collins Crime Club, Sun May 23 18:31:19 EEST 2021, main
Adding publishing house Project Gutenberg, Sun May 23 18:31:19 EEST 2021, main
Adding book Murder on the Orient Express, Sun May 23 18:31:19 EEST 2021, main
Adding book Pride and Prejudice, Sun May 23 18:31:19 EEST 2021, main
Adding reader John Doe, Sun May 23 18:31:20 EEST 2021, main
Adding reader Mary Johnson, Sun May 23 18:31:20 EEST 2021, main
Adding reader Cornelia Collins, Sun May 23 18:31:20 EEST 2021, main
Adding reader Hendrick Rogers, Sun May 23 18:31:20 EEST 2021, main
Listing sections, Sun May 23 18:32:04 EEST 2021, main
Adding author Agatha Christie, Sun May 23 18:33:04 EEST 2021, main
Adding author Jane Austen, Sun May 23 18:33:04 EEST 2021, main
Adding section Mystery, Sun May 23 18:33:04 EEST 2021, main
Adding section Drama, Sun May 23 18:33:04 EEST 2021, main
Adding section Fantasy, Sun May 23 18:33:04 EEST 2021, main
Adding section Romance, Sun May 23 18:33:04 EEST 2021, main
Adding section Educative, Sun May 23 18:33:04 EEST 2021, main
Adding section Scientific, Sun May 23 18:33:04 EEST 2021, main
Adding section SciFy, Sun May 23 18:33:04 EEST 2021, main
Adding publishing house Collins Crime Club, Sun May 23 18:33:04 EEST 2021, main
Adding publishing house Project Gutenberg, Sun May 23 18:33:04 EEST 2021, main
Adding book Murder on the Orient Express, Sun May 23 18:33:04 EEST 2021, main
Adding book Pride and Prejudice, Sun May 23 18:33:04 EEST 2021, main
Adding reader John Doe, Sun May 23 18:33:04 EEST 2021, main
Adding reader Mary Johnson, Sun May 23 18:33:04 EEST 2021, main
Adding reader Cornelia Collins, Sun May 23 18:33:04 EEST 2021, main
Adding reader Hendrick Rogers, Sun May 23 18:33:04 EEST 2021, main
Listing books, Sun May 23 18:33:08 EEST 2021, main
Adding author Agatha Christie, Sun May 23 18:33:54 EEST 2021, main
Adding author Jane Austen, Sun May 23 18:33:54 EEST 2021, main
Adding section Mystery, Sun May 23 18:33:54 EEST 2021, main
Adding section Drama, Sun May 23 18:33:54 EEST 2021, main
Adding section Fantasy, Sun May 23 18:33:54 EEST 2021, main
Adding section Romance, Sun May 23 18:33:54 EEST 2021, main
Adding section Educative, Sun May 23 18:33:54 EEST 2021, main
Adding section Scientific, Sun May 23 18:33:54 EEST 2021, main
Adding section SciFy, Sun May 23 18:33:54 EEST 2021, main
Adding publishing house Collins Crime Club, Sun May 23 18:33:54 EEST 2021, main
Adding publishing house Project Gutenberg, Sun May 23 18:33:54 EEST 2021, main
Adding book Murder on the Orient Express, Sun May 23 18:33:54 EEST 2021, main
Adding book Pride and Prejudice, Sun May 23 18:33:54 EEST 2021, main
Adding reader John Doe, Sun May 23 18:33:54 EEST 2021, main
Adding reader Mary Johnson, Sun May 23 18:33:54 EEST 2021, main
Adding reader Cornelia Collins, Sun May 23 18:33:54 EEST 2021, main
Adding reader Hendrick Rogers, Sun May 23 18:33:55 EEST 2021, main
Listing books, Sun May 23 18:34:13 EEST 2021, main
Adding author Agatha Christie, Sun May 23 18:35:17 EEST 2021, main
Adding author Jane Austen, Sun May 23 18:35:17 EEST 2021, main
Adding section Mystery, Sun May 23 18:35:17 EEST 2021, main
Adding section Drama, Sun May 23 18:35:17 EEST 2021, main
Adding section Fantasy, Sun May 23 18:35:17 EEST 2021, main
Adding section Romance, Sun May 23 18:35:17 EEST 2021, main
Adding section Educative, Sun May 23 18:35:17 EEST 2021, main
Adding section Scientific, Sun May 23 18:35:17 EEST 2021, main
Adding section SciFy, Sun May 23 18:35:17 EEST 2021, main
Adding publishing house Collins Crime Club, Sun May 23 18:35:17 EEST 2021, main
Adding publishing house Project Gutenberg, Sun May 23 18:35:17 EEST 2021, main
Adding book Murder on the Orient Express, Sun May 23 18:35:17 EEST 2021, main
Adding book Pride and Prejudice, Sun May 23 18:35:17 EEST 2021, main
Adding reader John Doe, Sun May 23 18:35:17 EEST 2021, main
Adding reader Mary Johnson, Sun May 23 18:35:17 EEST 2021, main
Adding reader Cornelia Collins, Sun May 23 18:35:17 EEST 2021, main
Adding reader Hendrick Rogers, Sun May 23 18:35:17 EEST 2021, main
Listing books, Sun May 23 18:35:26 EEST 2021, main
Adding author Agatha Christie, Sun May 23 18:37:10 EEST 2021, main
Adding author Jane Austen, Sun May 23 18:37:10 EEST 2021, main
Adding section Mystery, Sun May 23 18:37:10 EEST 2021, main
Adding section Drama, Sun May 23 18:37:10 EEST 2021, main
Adding section Fantasy, Sun May 23 18:37:10 EEST 2021, main
Adding section Romance, Sun May 23 18:37:10 EEST 2021, main
Adding section Educative, Sun May 23 18:37:10 EEST 2021, main
Adding section Scientific, Sun May 23 18:37:10 EEST 2021, main
Adding section SciFy, Sun May 23 18:37:10 EEST 2021, main
Adding publishing house Collins Crime Club, Sun May 23 18:37:11 EEST 2021, main
Adding publishing house Project Gutenberg, Sun May 23 18:37:11 EEST 2021, main
Adding book Murder on the Orient Express, Sun May 23 18:37:11 EEST 2021, main
Adding book Pride and Prejudice, Sun May 23 18:37:11 EEST 2021, main
Adding reader John Doe, Sun May 23 18:37:11 EEST 2021, main
Adding reader Mary Johnson, Sun May 23 18:37:11 EEST 2021, main
Adding reader Cornelia Collins, Sun May 23 18:37:11 EEST 2021, main
Adding reader Hendrick Rogers, Sun May 23 18:37:11 EEST 2021, main
Listing books, Sun May 23 18:37:14 EEST 2021, main
Adding author Agatha Christie, Sun May 23 18:39:28 EEST 2021, main
Adding author Jane Austen, Sun May 23 18:39:28 EEST 2021, main
Adding section Mystery, Sun May 23 18:39:28 EEST 2021, main
Adding section Drama, Sun May 23 18:39:28 EEST 2021, main
Adding section Fantasy, Sun May 23 18:39:29 EEST 2021, main
Adding section Romance, Sun May 23 18:39:29 EEST 2021, main
Adding section Educative, Sun May 23 18:39:29 EEST 2021, main
Adding section Scientific, Sun May 23 18:39:29 EEST 2021, main
Adding section SciFy, Sun May 23 18:39:29 EEST 2021, main
Adding publishing house Collins Crime Club, Sun May 23 18:39:29 EEST 2021, main
Adding publishing house Project Gutenberg, Sun May 23 18:39:29 EEST 2021, main
Adding book Murder on the Orient Express, Sun May 23 18:39:29 EEST 2021, main
Adding book Pride and Prejudice, Sun May 23 18:39:29 EEST 2021, main
Adding reader John Doe, Sun May 23 18:39:29 EEST 2021, main
Adding reader Mary Johnson, Sun May 23 18:39:29 EEST 2021, main
Adding reader Cornelia Collins, Sun May 23 18:39:29 EEST 2021, main
Adding reader Hendrick Rogers, Sun May 23 18:39:29 EEST 2021, main
Listing books, Sun May 23 18:39:32 EEST 2021, main
Adding author Agatha Christie, Sun May 23 18:40:02 EEST 2021, main
Adding author Jane Austen, Sun May 23 18:40:02 EEST 2021, main
Adding section Mystery, Sun May 23 18:40:02 EEST 2021, main
Adding section Drama, Sun May 23 18:40:02 EEST 2021, main
Adding section Fantasy, Sun May 23 18:40:02 EEST 2021, main
Adding section Romance, Sun May 23 18:40:02 EEST 2021, main
Adding section Educative, Sun May 23 18:40:02 EEST 2021, main
Adding section Scientific, Sun May 23 18:40:02 EEST 2021, main
Adding section SciFy, Sun May 23 18:40:02 EEST 2021, main
Adding publishing house Collins Crime Club, Sun May 23 18:40:02 EEST 2021, main
Adding publishing house Project Gutenberg, Sun May 23 18:40:02 EEST 2021, main
Adding book Murder on the Orient Express, Sun May 23 18:40:02 EEST 2021, main
Adding book Pride and Prejudice, Sun May 23 18:40:02 EEST 2021, main
Adding reader John Doe, Sun May 23 18:40:02 EEST 2021, main
Adding reader Mary Johnson, Sun May 23 18:40:03 EEST 2021, main
Adding reader Cornelia Collins, Sun May 23 18:40:03 EEST 2021, main
Adding reader Hendrick Rogers, Sun May 23 18:40:03 EEST 2021, main
Listing books, Sun May 23 18:40:06 EEST 2021, main
